"","ID","P-value","BHadjP-value","nGenes","nPathway","Name"
"No.C9",1,0.137616397374539,0.336550268735334,1,50,"No.C9"
"No.CHMP2B",2,0.240393049096667,0.336550268735334,1,72,"No.CHMP2B"
"No.sALS",3,0.146546452408951,0.336550268735334,1,52,"No.sALS"
"No.FTLD",4,0.169349580609213,0.336550268735334,1,57,"No.FTLD"
"No.VCP",5,0.288571329498298,0.336666551081348,1,82,"No.VCP"
"No.Petrucelli",6,0.369319098009349,0.369319098009349,1,99,"No.Petrucelli"
"No.Ravits",7,0.225989534934377,0.336550268735334,1,69,"No.Ravits"
