"","ID","P-value","BHadjP-value","nGenes","nPathway","Name"
"No.C9",1,0.149487240648055,0.209282136907277,6,50,"No.C9"
"No.CHMP2B",2,0.00985402701002305,0.0287434480257185,12,72,"No.CHMP2B"
"No.sALS",3,0.00508713745062871,0.0287434480257185,10,52,"No.sALS"
"No.FTLD",4,0.236822556112821,0.263934799842549,6,57,"No.FTLD"
"No.VCP",5,0.0123186205824508,0.0287434480257185,13,82,"No.VCP"
"No.Petrucelli",6,0.0965838935527874,0.169021813717378,12,99,"No.Petrucelli"
"No.Ravits",7,0.263934799842549,0.263934799842549,7,69,"No.Ravits"
