"","ID","P-value","BHadjP-value","nGenes","nPathway","Name"
"No.C9",1,0.00087403046099101,0.00611821322693707,2,50,"No.C9"
"No.CHMP2B",2,0.00250712501853465,0.00845726930088046,2,72,"No.CHMP2B"
"No.sALS",3,0.0162889478172035,0.0271202795866949,1,52,"No.sALS"
"No.FTLD",4,0.0193716282762106,0.0271202795866949,1,57,"No.FTLD"
"No.VCP",5,0.00362454398609163,0.00845726930088046,2,82,"No.VCP"
"No.Petrucelli",6,0.0532650365356645,0.0532650365356645,1,99,"No.Petrucelli"
"No.Ravits",7,0.027667659229574,0.0322789357678364,1,69,"No.Ravits"
